[
  {
    "id": 1,
    "text": "The field of play must be a rectangular surface, natural or artificial, clearly marked with continuous lines not exceeding 12 cm in width, including touchlines (longer) and goal lines (shorter). Required areas include the halfway line, centre circle, penalty area, goal area, penalty mark, and corner arcs.",
    "tags": ["field", "dimensions", "markings", "law 1"]
  },
  {
    "id": 2,
    "text": "The length of the touchline must always be greater than the length of the goal line. International matches: touchline 100–110 m, goal line 64–75 m. Other matches: touchline 90–120 m, goal line 45–90 m.",
    "tags": ["field", "dimensions", "international matches", "law 1"]
  },
  {
    "id": 3,
    "text": "Goals consist of two upright posts equidistant from the corner flags, joined by a horizontal crossbar, with posts and bar having the same width and depth. Dimensions: 7.32 m between posts and 2.44 m from lower edge of bar to the ground. Nets may be attached if safe.",
    "tags": ["goal", "equipment", "dimensions", "law 1"]
  },
  {
    "id": 4,
    "text": "Goal line technology (GLT) indication that a goal has been scored can be communicated via the referee's earpiece/headset. The indication must be immediate and automatically confirmed within one second by the GLT system only to the match officials.",
    "tags": ["goal line technology", "GLT", "referee", "law 1", "2024/25 update"]
  },
  {
    "id": 5,
    "text": "The ball must be spherical, made of suitable material, with a circumference of 68–70 cm, weight of 410–450 g at the start, and pressure of 0.6–1.1 atmosphere (600–1100 g/cm2).",
    "tags": ["ball", "equipment", "specifications", "law 2"]
  },
  {
    "id": 6,
    "text": "The ball may not be changed during a match without the referee's permission. If the ball becomes defective during play, play is stopped and restarted with a dropped ball. If it becomes defective at a kick-off, goal kick, corner kick, free kick, penalty kick or throw-in, the restart is retaken.",
    "tags": ["ball", "referee permission", "defective ball", "law 2"]
  },
  {
    "id": 7,
    "text": "A match is played by two teams with a maximum of 11 players each, one of whom must be a goalkeeper. Teams must begin with at least 7 players.",
    "tags": ["players", "team", "law 3"]
  },
  {
    "id": 8,
    "text": "A match cannot start or continue if either team has fewer than seven players, including those temporarily off the field (e.g., injury or equipment correction).",
    "tags": ["minimum players", "match validity", "law 3"]
  },
  {
    "id": 9,
    "text": "Substitutions require the referee's permission. A substituted player must leave before the replacement enters, at the halfway line unless authorized elsewhere. Once replaced, a player cannot return (except under specific competition rules).",
    "tags": ["substitution", "referee permission", "law 3"]
  },
  {
    "id": 10,
    "text": "Competitions may use additional permanent concussion substitutions in accordance with the protocol listed under 'Notes and modifications'. This provides an option for additional substitutions specifically for concussion-related injuries.",
    "tags": ["substitution", "concussion", "protocol", "law 3", "2024/25 update"]
  },
  {
    "id": 11,
    "text": "Each team must have a captain on the field of play who wears an identifying armband. The team captain has no special status or privileges under the Laws but has a degree of responsibility for the behaviour of their team.",
    "tags": ["captain", "armband", "law 3", "2024/25 update"]
  },
  {
    "id": 12,
    "text": "A player must not wear anything dangerous, including jewellery (necklaces, rings, wristbands, earrings). All must be removed and not covered with tape.",
    "tags": ["player equipment", "safety", "jewellery", "law 4"]
  },
  {
    "id": 13,
    "text": "Compulsory equipment: jersey/shirt with sleeves, shorts, socks, footwear, shin guards fully covered by the stockings, made of suitable material, adequate in protection. Players are responsible for the size and suitability of their shinguards.",
    "tags": ["player equipment", "mandatory kit", "shinguards", "law 4", "2024/25 update"]
  },
  {
    "id": 14,
    "text": "The team captain must wear the armband issued or authorised by the relevant competition organiser, or a single-coloured armband that may also have the word 'captain' or the letter 'C' or a translation thereof, which should also be a single colour.",
    "tags": ["captain", "armband", "equipment", "law 4", "2024/25 update"]
  },
  {
    "id": 15,
    "text": "Goalkeepers must wear colours that distinguish them from outfield players, referees, and assistant referees. Both goalkeepers must also be distinguishable from each other.",
    "tags": ["goalkeeper", "equipment", "colours", "law 4"]
  },
  {
    "id": 16,
    "text": "Non-dangerous protective equipment is permitted, for example gloves, headgear, facemasks and knee and arm protectors made of soft, lightweight padded material, as are goalkeepers' caps and sports spectacles. Goalkeepers may wear tracksuit bottoms.",
    "tags": ["protective equipment", "gloves", "goalkeeper", "law 4", "2024/25 update"]
  },
  {
    "id": 17,
    "text": "The referee enforces the Laws of the Game, has full authority to control the match, and powers delegated by the competition rules.",
    "tags": ["referee", "authority", "law 5"]
  },
  {
    "id": 18,
    "text": "The referee may stop, suspend, or terminate the match for infringements of the Laws, outside interference (e.g., spectators, weather, pitch conditions), or player misconduct.",
    "tags": ["referee", "control", "suspension", "law 5"]
  },
  {
    "id": 19,
    "text": "The referee keeps the official time, makes allowance for stoppages (substitutions, injuries, time-wasting, disciplinary delays, VAR checks), and signals minimum additional time.",
    "tags": ["referee", "timekeeping", "stoppage time", "law 5"]
  },
  {
    "id": 20,
    "text": "The referee's decisions on facts connected with play (including goals, restarts, misconduct) are final. Law misapplications may be addressed by competition rules, not by the referee altering a decision once play has restarted.",
    "tags": ["referee", "decisions", "finality", "law 5"]
  },
  {
    "id": 21,
    "text": "Other match officials may include assistant referees, fourth officials, reserve assistant referees, video assistant referees (VAR), and assistant VARs (AVAR). Their duties assist but do not overrule the referee's authority.",
    "tags": ["match officials", "assistant referees", "VAR", "law 6"]
  },
  {
    "id": 22,
    "text": "Assistant referees indicate when the whole of the ball leaves the field of play, which team is entitled to a corner kick, goal kick, or throw-in, whether a player is offside, and assist with misconduct or other incidents out of the referee's range of vision.",
    "tags": ["assistant referee", "offside", "ball out", "signals", "law 6"]
  },
  {
    "id": 23,
    "text": "The VAR may assist in cases of clear and obvious errors or serious missed incidents in four categories: goals, penalties, direct red cards, and mistaken identity. Only the referee makes the final decision.",
    "tags": ["VAR", "technology", "review", "law 6"]
  },
  {
    "id": 24,
    "text": "Competitions may implement a system in which the referee publicly explains and announces decisions following a VAR 'review' or lengthy VAR 'check', as outlined in the FIFA guidelines and the VAR Handbook.",
    "tags": ["VAR", "announcements", "referee communication", "law 6", "2024/25 update"]
  },
  {
    "id": 25,
    "text": "A match consists of two equal halves of 45 minutes unless otherwise agreed before kick-off and permitted by competition rules.",
    "tags": ["match duration", "halves", "law 7"]
  },
  {
    "id": 26,
    "text": "The referee must add time at the end of each half for stoppages including substitutions, injuries, disciplinary actions, wasted time, and VAR-related delays.",
    "tags": ["stoppage time", "added time", "law 7"]
  },
  {
    "id": 27,
    "text": "The half-time interval must not exceed 15 minutes, unless competition rules allow otherwise. Players are entitled to a brief drinks break during extra time.",
    "tags": ["half-time", "duration", "law 7"]
  },
  {
    "id": 28,
    "text": "Kick-off is used to restart play at the start of each half, after a goal, and at the start of each period of extra time.",
    "tags": ["kick-off", "restart", "law 8"]
  },
  {
    "id": 29,
    "text": "At a kick-off, all players must be in their own half. Opponents must be at least 9.15 m from the ball and outside the centre circle until the ball is in play (kicked and clearly moves).",
    "tags": ["kick-off", "restart", "opponent distance", "law 8"]
  },
  {
    "id": 30,
    "text": "A goal may be scored directly against the opponents from the kick-off; if the ball directly enters the kicker's goal, a corner kick is awarded to the opponents.",
    "tags": ["kick-off", "scoring", "corner kick", "law 8"]
  },
  {
    "id": 31,
    "text": "If the player taking the kick-off touches the ball again before it has touched another player, an indirect free kick is awarded; if the kicker commits a handball offence, a direct free kick is awarded.",
    "tags": ["kick-off", "double touch", "indirect free kick", "law 8"]
  },
  {
    "id": 32,
    "text": "A dropped ball is the restart when the referee stops play and the Law does not require one of the other restarts (kick-off, free kick, penalty kick, throw-in, goal kick, or corner kick).",
    "tags": ["dropped ball", "restart", "law 8"]
  },
  {
    "id": 33,
    "text": "The ball is dropped for the defending team goalkeeper in their penalty area if, when play was stopped, the ball was inside the penalty area. In all other cases, the referee drops the ball for one player of the team that last touched the ball at the position where it last touched a player, an outside agent or a match official.",
    "tags": ["dropped ball", "procedure", "goalkeeper", "law 8", "2025/26 update"]
  },
  {
    "id": 34,
    "text": "All players, except the player for whom the ball is dropped, must be at least 4 m from the ball until it is in play (when it touches the ground). A player cannot score directly from a dropped ball; the ball must touch at least one other player from either team before a goal can be scored.",
    "tags": ["dropped ball", "distance", "scoring restriction", "law 8"]
  },
  {
    "id": 35,
    "text": "The ball is out of play when it has wholly crossed the goal line or touchline, on the ground or in the air, or when play has been stopped by the referee.",
    "tags": ["ball out", "touchline", "goal line", "law 9"]
  },
  {
    "id": 36,
    "text": "The ball is in play at all other times, including if it rebounds from a goalpost, crossbar, corner flagpost, or the referee (if inside the field and not causing a drop-ball restart).",
    "tags": ["ball in play", "rebounds", "referee", "law 9"]
  },
  {
    "id": 37,
    "text": "The ball is out of play when it touches a match official, remains on the field of play and: a team starts a promising attack, or the ball goes directly into the goal, or team possession changes. In these cases, play is restarted with a dropped ball.",
    "tags": ["ball out", "match official", "promising attack", "law 9"]
  },
  {
    "id": 38,
    "text": "If a team official, substitute, substituted or sent-off player or player temporarily off the field touches the ball while it is still in play but when it is clearly leaving the field of play, this is penalised with an indirect free kick with no disciplinary sanction (unless it is done persistently).",
    "tags": ["ball leaving field", "indirect free kick", "no sanction", "law 9", "2025/26 update"]
  },
  {
    "id": 39,
    "text": "A goal is scored when the whole of the ball passes over the goal line, between the goalposts and under the crossbar, provided no Law has been infringed by the scoring team.",
    "tags": ["goal", "scoring", "law 10"]
  },
  {
    "id": 40,
    "text": "A team cannot score a goal if an offence by that team occurred in the build-up or execution. Any infringement (handball, offside, foul) nullifies the goal and play is restarted accordingly.",
    "tags": ["goal", "offence", "disallowed", "law 10"]
  },
  {
    "id": 41,
    "text": "If a goalkeeper throws the ball directly into the opponents' goal, the result is a goal kick to the opponents, not a goal.",
    "tags": ["goalkeeper", "throw", "goal kick", "law 10"]
  },
  {
    "id": 42,
    "text": "If the referee signals a goal before realising an offence was committed, the decision is changed, the goal disallowed, and play restarted with the appropriate free kick or penalty to the defending team.",
    "tags": ["goal disallowed", "restart", "referee correction", "law 10"]
  },
  {
    "id": 43,
    "text": "The team scoring the greater number of goals is the winner. If both teams score no goals or an equal number of goals, the match is drawn. Competition rules may require extra time and/or penalties (penalty shoot-out) to determine a winner.",
    "tags": ["match outcome", "winner", "drawn match", "law 10"]
  },
  {
    "id": 44,
    "text": "A player is in an offside position if any part of the head, body, or feet is in the opponents' half and nearer to the opponents' goal line than both the ball and the second-last opponent. Being in an offside position is not an offence itself.",
    "tags": ["offside", "position", "law 11"]
  },
  {
    "id": 45,
    "text": "An offside offence occurs when a player in an offside position becomes involved in active play by interfering with play, interfering with an opponent, or gaining an advantage from their position.",
    "tags": ["offside", "offence", "active play", "law 11"]
  },
  {
    "id": 46,
    "text": "The first point of contact of the play or touch of the ball should be used to determine offside position; however, when the ball is thrown by the goalkeeper, the last point of contact should be used, as this provides a clearer and more consistent reference point.",
    "tags": ["offside", "point of contact", "goalkeeper throw", "law 11", "2024/25 update"]
  },
  {
    "id": 47,
    "text": "There is no offside offence if a player receives the ball directly from a goal kick, throw-in, or corner kick.",
    "tags": ["offside", "exceptions", "law 11"]
  },
  {
    "id": 48,
    "text": "If an offside offence occurs, the referee awards an indirect free kick at the place where the offence occurred, including in a player's own half.",
    "tags": ["offside", "free kick", "restart", "law 11"]
  },
  {
    "id": 49,
    "text": "A player in an offside position receiving the ball from an opponent who deliberately played the ball, including by deliberate handball, is not considered to have gained an advantage, unless it was a deliberate save by any opponent.",
    "tags": ["offside", "deliberate play", "save", "law 11"]
  },
  {
    "id": 50,
    "text": "A direct free kick is awarded if a player acts carelessly, recklessly, or with excessive force against an opponent: kicking, tripping, jumping, charging, striking, pushing, tackling, holding, impeding with contact, or handling the ball (except goalkeepers in their own area).",
    "tags": ["fouls", "direct free kick", "law 12"]
  },
  {
    "id": 51,
    "text": "Careless actions require no sanction. Reckless actions result in a caution (yellow card), and excessive force results in a sending off (red card).",
    "tags": ["fouls", "discipline", "caution", "sending off", "law 12"]
  },
  {
    "id": 52,
    "text": "A handball offence occurs when a player deliberately touches the ball with their hand/arm, or when a player touches the ball with their hand/arm when it has made their body unnaturally bigger. The upper boundary of the arm is in line with the bottom of the armpit.",
    "tags": ["handball", "arm position", "deliberate", "law 12"]
  },
  {
    "id": 53,
    "text": "A goalkeeper inside their penalty area who controls the ball with their hand(s)/arm(s) for more than eight seconds before releasing it will be penalised with a corner kick awarded to the opposing team. The referee will visually count down the last five seconds with a raised hand.",
    "tags": ["goalkeeper", "eight seconds", "corner kick", "time-wasting", "law 12", "2025/26 update"]
  },
  {
    "id": 54,
    "text": "A goalkeeper is considered to be in control of the ball with their hand(s)/arm(s) when: the ball is between their hands/arms or between their hand(s)/arm(s) and any surface, holding the ball in their outstretched open hand(s), bouncing it on the ground or throwing it in the air.",
    "tags": ["goalkeeper", "ball control", "definition", "law 12", "2025/26 update"]
  },
  {
    "id": 55,
    "text": "An indirect free kick is awarded if a goalkeeper, inside their penalty area, touches the ball with the hand/arm after releasing it and before it has touched another player, or touches the ball with the hand/arm after it has been deliberately kicked to the goalkeeper by a team-mate.",
    "tags": ["goalkeeper", "indirect free kick", "back-pass", "law 12"]
  },
  {
    "id": 56,
    "text": "Indirect free kicks are awarded for lesser offences, such as dangerous play, impeding without contact, dissent, goalkeeper violations, or any offence by substitutes or team officials. The ball must touch another player before a goal is allowed from an indirect free kick.",
    "tags": ["indirect free kick", "lesser offences", "law 12"]
  },
  {
    "id": 57,
    "text": "A player must be cautioned for unsporting behaviour including: delaying the restart of play, dissent, persistent offences, entering/leaving the field without permission, failing to respect required distance at restarts, or deliberate handball to interfere with or stop a promising attack (except where penalty kick awarded for non-deliberate handball).",
    "tags": ["caution", "yellow card", "unsporting behaviour", "law 12", "2024/25 update"]
  },
  {
    "id": 58,
    "text": "A player is sent off for: denying an obvious goal-scoring opportunity by deliberate handball (except goalkeeper in own area), denying an obvious goal-scoring opportunity by non-deliberate handball outside own penalty area, serious foul play, violent conduct, spitting, biting, offensive/insulting/abusive language or gestures, or receiving a second caution.",
    "tags": ["red card", "sending off", "serious offences", "law 12", "2024/25 update"]
  },
  {
    "id": 59,
    "text": "Where a player denies an obvious goal-scoring opportunity by committing a non-deliberate handball offence and the referee awards a penalty kick, the offender is cautioned (not sent off). This reflects that non-deliberate handball is usually an attempt to play fairly.",
    "tags": ["DOGSO", "handball", "penalty", "caution", "law 12", "2024/25 update"]
  },
  {
    "id": 60,
    "text": "Where a player commits a foul which denies an opponent an obvious goal-scoring opportunity in the penalty area and the referee awards a penalty kick, the offender is cautioned if the offence was an attempt to play the ball; in all other circumstances (holding, pulling, pushing, no possibility to play the ball) the offending player is sent off.",
    "tags": ["DOGSO", "penalty area", "caution vs red card", "law 12"]
  },
  {
    "id": 61,
    "text": "If a substitute, substituted or sent-off player, player temporarily off the field or team official throws or kicks an object onto the field and it interferes with play, an opponent or match official, play is restarted with a direct free kick (or penalty kick) where the object interfered.",
    "tags": ["thrown object", "interference", "direct free kick", "law 12"]
  },
  {
    "id": 62,
    "text": "Free kicks are taken from where the offence occurred, except: indirect free kicks to attackers in the opponents' goal area (nearest goal area line point), defenders in their goal area (anywhere in the area), or offences off the field (restart from nearest boundary line).",
    "tags": ["free kick", "restart location", "law 13"]
  },
  {
    "id": 63,
    "text": "At a free kick, all opponents must be at least 9.15 m from the ball (unless they are on their own goal line between the posts for goal area restarts). The ball must be stationary before being kicked.",
    "tags": ["free kick", "distance", "procedure", "law 13"]
  },
  {
    "id": 64,
    "text": "Where three or more defending team players form a 'wall', all attacking team players must be at least 1 m from the 'wall' until the ball is in play. An indirect free kick is awarded to the defending team if an attacker is within 1 m when the kick is taken.",
    "tags": ["free kick", "wall", "1 metre", "law 13"]
  },
  {
    "id": 65,
    "text": "If a direct or indirect free kick is kicked directly into the team's own goal, a corner kick is awarded to the opposing team. A goal cannot be scored directly from an indirect free kick without the ball touching another player.",
    "tags": ["free kick", "own goal", "corner kick", "law 13"]
  },
  {
    "id": 66,
    "text": "The ball is in play when it is kicked and clearly moves from a free kick. The kicker must not play the ball again until it has touched another player. For a second touch offence, an indirect free kick is awarded, or a direct free kick for handball.",
    "tags": ["free kick", "ball in play", "double touch", "law 13"]
  },
  {
    "id": 67,
    "text": "A penalty kick is awarded if an offence punishable by a direct free kick is committed by a player inside their own penalty area. A penalty kick can be awarded regardless of the position of the ball, provided it is in play.",
    "tags": ["penalty kick", "direct free kick offence", "penalty area", "law 14"]
  },
  {
    "id": 68,
    "text": "The ball must be stationary, with part of the ball touching or overhanging the centre of the penalty mark, and the goalposts, crossbar and goal net must not be moving. The player taking the penalty kick must be clearly identified.",
    "tags": ["penalty kick", "ball position", "procedure", "law 14", "2024/25 update"]
  },
  {
    "id": 69,
    "text": "The defending goalkeeper must remain on the goal line, facing the kicker, between the goalposts, until the ball is kicked. When the ball is kicked, the defending goalkeeper must have at least part of one foot touching, in line with, or behind, the goal line.",
    "tags": ["penalty kick", "goalkeeper position", "law 14"]
  },
  {
    "id": 70,
    "text": "The players other than the kicker and goalkeeper must be: at least 9.15 m from the penalty mark, behind the penalty mark, outside the penalty area, and outside the penalty arc. After the players have taken positions, the referee signals for the penalty kick to be taken.",
    "tags": ["penalty kick", "player positions", "law 14"]
  },
  {
    "id": 71,
    "text": "The player taking the penalty kick must kick the ball forward; backheeling is permitted provided the ball moves forward. The ball is in play when it is kicked and clearly moves. The kicker must not play the ball again until it has touched another player.",
    "tags": ["penalty kick", "kicking", "ball in play", "law 14"]
  },
  {
    "id": 72,
    "text": "A goal may be scored directly from a penalty kick. The penalty kick is completed when the ball stops moving, goes out of play or the referee stops play for any offence.",
    "tags": ["penalty kick", "scoring", "completion", "law 14"]
  },
  {
    "id": 73,
    "text": "A team-mate of the kicker is penalised for encroachment only if: the encroachment clearly impacted on the goalkeeper, or the encroaching player plays the ball or challenges for it and then scores, attempts to score or creates a goal-scoring opportunity.",
    "tags": ["penalty kick", "encroachment", "attacking team", "law 14", "2024/25 update"]
  },
  {
    "id": 74,
    "text": "A team-mate of the goalkeeper is penalised for encroachment only if: the encroachment clearly impacted on the kicker, or the encroaching player plays the ball or challenges for it and prevents the opponents from scoring, attempting to score or creating a goal-scoring opportunity.",
    "tags": ["penalty kick", "encroachment", "defending team", "law 14", "2024/25 update"]
  },
  {
    "id": 75,
    "text": "If the goalkeeper commits an offence and the penalty is missed/saved, the penalty is retaken and the goalkeeper is cautioned. If both the goalkeeper and kicker commit offences, an indirect free kick is awarded to the defending team and the kicker is cautioned.",
    "tags": ["penalty kick", "goalkeeper offence", "retake", "law 14"]
  },
  {
    "id": 76,
    "text": "Feinting to kick the ball once the kicker has completed the run-up is an offence; the referee cautions the kicker and awards an indirect free kick to the defending team. Feinting in the run-up is permitted.",
    "tags": ["penalty kick", "feinting", "caution", "law 14"]
  },
  {
    "id": 77,
    "text": "A throw-in is awarded to the opponents of the player who last touched the ball when the whole of the ball passes over the touchline, on the ground or in the air.",
    "tags": ["throw-in", "touchline", "law 15"]
  },
  {
    "id": 78,
    "text": "At the moment of delivering the ball, the thrower must: face the field of play, have part of each foot on the touchline or on the ground outside the touchline, throw the ball with both hands from behind and over the head, throw from the point where it left the field.",
    "tags": ["throw-in", "procedure", "law 15"]
  },
  {
    "id": 79,
    "text": "All opponents must stand at least 2 m from the point on the touchline where the throw-in is to be taken. The ball is in play when it enters the field. The thrower must not touch the ball again until it has touched another player.",
    "tags": ["throw-in", "opponent distance", "ball in play", "law 15"]
  },
  {
    "id": 80,
    "text": "A goal cannot be scored directly from a throw-in: if the ball enters the opponents' goal, a goal kick is awarded; if the ball enters the thrower's goal, a corner kick is awarded.",
    "tags": ["throw-in", "no direct goal", "law 15"]
  },
  {
    "id": 81,
    "text": "If a throw-in is taken incorrectly, it is retaken by the opposing team. If the thrower touches the ball again before it has touched another player, an indirect free kick is awarded, or a direct free kick for handball.",
    "tags": ["throw-in", "incorrect procedure", "double touch", "law 15"]
  },
  {
    "id": 82,
    "text": "A goal kick is awarded when the whole of the ball passes over the goal line, on the ground or in the air, having last touched a player of the attacking team, and a goal is not scored.",
    "tags": ["goal kick", "goal line", "law 16"]
  },
  {
    "id": 83,
    "text": "The ball must be stationary and is kicked from any point within the goal area by a player of the defending team. The ball is in play when it is kicked and clearly moves. Opponents must be outside the penalty area until the ball is in play.",
    "tags": ["goal kick", "procedure", "law 16"]
  },
  {
    "id": 84,
    "text": "A goal may be scored directly from a goal kick, but only against the opposing team; if the ball directly enters the kicker's goal, a corner kick is awarded to the opponents.",
    "tags": ["goal kick", "scoring", "own goal", "law 16"]
  },
  {
    "id": 85,
    "text": "If, after the ball is in play from a goal kick, the kicker touches the ball again before it has touched another player, an indirect free kick is awarded; if the kicker commits a handball offence, a direct free kick is awarded, or a penalty kick if inside the kicker's penalty area (unless the kicker was the goalkeeper).",
    "tags": ["goal kick", "double touch", "handball", "law 16"]
  },
  {
    "id": 86,
    "text": "If opponents are inside the penalty area when a goal kick is taken because they did not have time to leave, the referee allows play to continue. If a player enters the penalty area before the ball is in play and fouls or is fouled, the goal kick is retaken.",
    "tags": ["goal kick", "opponents in area", "law 16"]
  },
  {
    "id": 87,
    "text": "A corner kick is awarded when the whole of the ball passes over the goal line, on the ground or in the air, having last touched a player of the defending team, and a goal is not scored. A corner kick is also awarded when a goalkeeper controls the ball with their hands/arms for more than eight seconds inside their penalty area before releasing it.",
    "tags": ["corner kick", "goal line", "goalkeeper eight seconds", "law 17", "2025/26 update"]
  },
  {
    "id": 88,
    "text": "The ball must be placed inside the corner arc at the nearest corner flagpost, which must not be moved. The ball must be stationary and is kicked by a player of the attacking team. Opponents must be at least 9.15 m from the corner arc until the ball is in play.",
    "tags": ["corner kick", "procedure", "distance", "law 17"]
  },
  {
    "id": 89,
    "text": "The ball is in play when it is kicked and clearly moves; it does not need to leave the corner arc. A goal may be scored directly from a corner kick, but only against the opposing team.",
    "tags": ["corner kick", "ball in play", "scoring", "law 17"]
  },
  {
    "id": 90,
    "text": "If the corner kick is not taken within one minute of being awarded, an indirect free kick is awarded to the defending team from the corner arc. If a player taking a corner kick touches the ball again before it has touched another player, an indirect free kick is awarded, or a direct free kick for handball.",
    "tags": ["corner kick", "time limit", "double touch", "law 17"]
  },
  {
    "id": 91,
    "text": "If the ball directly enters the kicker's goal from a corner kick, a corner kick is awarded to the opponents.",
    "tags": ["corner kick", "own goal", "law 17"]
  },
  {
    "id": 92,
    "text": "During kicks from the penalty mark (penalty shoot-out), only eligible players and match officials are permitted to remain on the field. All eligible players, except the player taking the kick and the two goalkeepers, must remain within the centre circle.",
    "tags": ["penalty shoot-out", "kicks from penalty mark", "procedure", "law 10"]
  },
  {
    "id": 93,
    "text": "Unless there are other considerations (e.g., injury, safety, pitch condition), both goalkeepers must take a kick before any player can take a second kick. Each kick is taken by a different player, and all eligible players must take a kick before any player can take a second kick.",
    "tags": ["penalty shoot-out", "order", "goalkeeper kicks", "law 10"]
  },
  {
    "id": 94,
    "text": "If, at the end of the match and before or during kicks from the penalty mark, one team has a greater number of eligible players than its opponents, it must reduce its numbers to equate with that of its opponents and inform the referee of the name and number of each excluded player. The team captain has this responsibility.",
    "tags": ["penalty shoot-out", "equal numbers", "law 10"]
  },
  {
    "id": 95,
    "text": "A goalkeeper who is injured or sent off during kicks from the penalty mark and is unable to continue may be replaced by an eligible substitute or, if no substitutes are available, by a player who has been excluded to equate numbers.",
    "tags": ["penalty shoot-out", "goalkeeper replacement", "injury", "law 10"]
  },
  {
    "id": 96,
    "text": "The referee must not abandon the match if during kicks from the penalty mark a team is reduced to fewer than seven players.",
    "tags": ["penalty shoot-out", "minimum players", "law 10"]
  },
  {
    "id": 97,
    "text": "Temporary dismissals (sin bins) may be used in certain competitions as outlined in the guidelines. A temporarily dismissed player can return to the field only during a stoppage after the end of the temporary dismissal period, not while the ball is in play.",
    "tags": ["temporary dismissal", "sin bin", "return procedure", "guidelines", "2024/25 update"]
  },
  {
    "id": 98,
    "text": "If a temporary dismissal period is not completed at the end of the first half of extra time, it continues at the start of the second half of extra time. A temporary dismissal period cannot continue after the end of the second half of extra time, since temporary dismissals are not used in penalty shoot-outs.",
    "tags": ["temporary dismissal", "extra time", "guidelines", "2024/25 update"]
  },
  {
    "id": 99,
    "text": "Under System B for temporary dismissals, any two cautionable offences in the same match will result in the player being permanently sent off (red card). System B uses temporary dismissals as an additional sanction for specific offences only.",
    "tags": ["temporary dismissal", "System B", "two cautions", "guidelines", "2024/25 update"]
  },
  {
    "id": 100,
    "text": "Deliberate handball (not just 'handball') is included in the list of offences that might be suitable for a temporary dismissal if they stop or interfere with a promising attack under System B.",
    "tags": ["temporary dismissal", "deliberate handball", "System B", "guidelines", "2024/25 update"]
  },
  {
    "id": 101,
    "text": "A match may be played on natural or artificial surfaces, according to the rules of the competition. The colour of artificial surfaces must be green, except for goal area lines (6 yd box) which may be a different colour from the penalty area lines.",
    "tags": ["field", "artificial surface", "colour", "law 1"]
  },
  {
    "id": 102,
    "text": "The penalty area is formed by two lines drawn at right angles to the goal line, 16.5 m from the inside of each goalpost, extending 16.5 m into the field and joined by a line parallel to the goal line. The goal area is similarly formed but extends 5.5 m into the field.",
    "tags": ["penalty area", "goal area", "dimensions", "law 1"]
  },
  {
    "id": 103,
    "text": "A penalty mark is made 11 m from the midpoint between the goalposts. A penalty arc is drawn outside the penalty area with a radius of 9.15 m from each penalty mark.",
    "tags": ["penalty mark", "penalty arc", "dimensions", "law 1"]
  },
  {
    "id": 104,
    "text": "Corner arcs are drawn with a radius of 1 m from each corner flagpost inside the field. Flagposts are placed at each corner and must be at least 1.5 m high with a non-pointed top. Flagposts may also be placed at each end of the halfway line, outside the touchline.",
    "tags": ["corner arc", "flagpost", "dimensions", "law 1"]
  },
  {
    "id": 105,
    "text": "Optional marks may be made off the field, 9.15 m from the corner arc and at right angles to the goal lines and touchlines, to ensure defending players retreat this distance when a corner kick is being taken.",
    "tags": ["optional marks", "corner kick", "law 1"]
  },
  {
    "id": 106,
    "text": "Where a team has fewer than 11 players, one player may act as both goalkeeper and outfield player, changing between the roles. When acting as goalkeeper, they must wear goalkeeper colours and follow all goalkeeper-specific Laws.",
    "tags": ["goalkeeper", "dual role", "player shortage", "law 3"]
  },
  {
    "id": 107,
    "text": "A player who has been sent off before the kick-off may be replaced only by a named substitute. A player who has been sent off after the kick-off may not be replaced.",
    "tags": ["sending off", "replacement", "law 3"]
  },
  {
    "id": 108,
    "text": "A named substitute who is sent off before or after the kick-off may not be replaced. A named substitute who has started the match may not be replaced even if injured.",
    "tags": ["substitute", "sending off", "no replacement", "law 3"]
  },
  {
    "id": 109,
    "text": "Any of the players may change places with the goalkeeper, provided: the referee is informed before the change is made, the change is made during a stoppage in play, and the player wears appropriate goalkeeper attire.",
    "tags": ["goalkeeper", "changing positions", "law 3"]
  },
  {
    "id": 110,
    "text": "If a substitution is made during the half-time interval or before extra time, the process must be completed before the match restarts. If the referee is not informed, the named substitute may continue to play, no disciplinary action is taken, and the matter is reported to the appropriate authorities.",
    "tags": ["substitution", "half-time", "procedure", "law 3"]
  },
  {
    "id": 111,
    "text": "Slogans, statements, images and advertising are not permitted on players' undergarments. If the shirt is removed, undergarments must not have any political, religious, or personal slogans, statements or images, or advertising other than the manufacturer's logo.",
    "tags": ["undergarments", "slogans", "advertising", "law 4"]
  },
  {
    "id": 112,
    "text": "For any offence by a player related to wearing or using unauthorised/dangerous equipment or jewellery, the player is instructed to remove the item. If unable or unwilling to comply, the player is cautioned at the next stoppage.",
    "tags": ["equipment violation", "jewellery", "caution", "law 4"]
  },
  {
    "id": 113,
    "text": "The two teams must wear colours that distinguish them from each other and the match officials. Each goalkeeper must wear colours that distinguish them from the other players and the match officials.",
    "tags": ["colours", "kit", "distinction", "law 4"]
  },
  {
    "id": 114,
    "text": "If there is a clash of colours, the away team must change its kit. In the absence of clear home and away teams, the referee decides which team changes.",
    "tags": ["kit clash", "colours", "away team", "law 4"]
  },
  {
    "id": 115,
    "text": "The referee has the power to take disciplinary action from entering the field of play for the pre-match inspection until leaving the field of play after the match ends (including kicks from the penalty mark).",
    "tags": ["referee", "disciplinary period", "authority", "law 5"]
  },
  {
    "id": 116,
    "text": "If a referee is incapacitated, play may continue under the supervision of the other match officials until the ball is next out of play. If the referee is unable to continue, a match may continue under the control of the other match officials depending on competition rules.",
    "tags": ["referee", "incapacity", "continuation", "law 5"]
  },
  {
    "id": 117,
    "text": "The referee allows play to continue when an offence occurs and the non-offending team will benefit from the advantage, and penalises the offence if the anticipated advantage does not ensue at that time or within a few seconds.",
    "tags": ["advantage", "referee", "law 5"]
  },
  {
    "id": 118,
    "text": "If the referee plays the advantage for an offence for which a caution/sending-off would have been issued had play been stopped, this caution/sending-off must be issued when the ball is next out of play. However, if the offence was denying the opposing team an obvious goal-scoring opportunity, the player is cautioned for unsporting behaviour; if the offence was interfering with or stopping a promising attack, the player is not cautioned.",
    "tags": ["advantage", "disciplinary action", "delayed caution", "law 5"]
  },
  {
    "id": 119,
    "text": "The referee may issue yellow or red cards and, where competition rules permit, temporarily dismiss a player from the field of play. The referee may only change a decision after realising it is incorrect or on the advice of another match official, provided play has not restarted or the referee has not signalled the end of the first or second half (including extra time) and left the field of play, or abandoned the match.",
    "tags": ["cards", "changing decisions", "referee", "law 5"]
  },
  {
    "id": 120,
    "text": "Except for the referee, none of the other match officials may enter the field of play. If they do, they must not interfere with play, allow a goal to be scored, or prevent the ball from entering the goal, otherwise the referee must restart play with a dropped ball.",
    "tags": ["match officials", "field entry", "interference", "law 6"]
  },
  {
    "id": 121,
    "text": "The fourth official assists the referee at all times. Their duties are determined by the referee but typically include: assisting with substitution procedures, checking players' equipment, displaying minimum additional time, informing the referee of mistaken identity and misconduct which the referee did not see.",
    "tags": ["fourth official", "duties", "law 6"]
  },
  {
    "id": 122,
    "text": "In matches with assistant referees, their role includes indicating: when offside is called, when a substitution is requested, when misconduct or any other incident occurs out of the referee's view, when throw-ins should be awarded, when goal kicks or corner kicks should be awarded.",
    "tags": ["assistant referee", "duties", "law 6"]
  },
  {
    "id": 123,
    "text": "All decisions by the assistant referee are only advisory to the referee; the referee has the authority to overrule an assistant referee. If the assistant referee signals for an offence and the referee does not see the signal, play continues.",
    "tags": ["assistant referee", "advisory", "referee authority", "law 6"]
  },
  {
    "id": 124,
    "text": "An assistant referee may enter the field of play to help control the 9.15 m distance. The referee may also appoint a reserve assistant referee whose only duty is to replace an assistant referee or fourth official who is unable to continue.",
    "tags": ["assistant referee", "reserve", "law 6"]
  },
  {
    "id": 125,
    "text": "Competition rules must state the duration of each half, which must be equal. Any agreement to alter the duration must be made before the start of play and must comply with competition rules.",
    "tags": ["match duration", "equal halves", "law 7"]
  },
  {
    "id": 126,
    "text": "Allowance is made by the referee in each half for all time lost due to: assessment and/or removal of injured players, time wasting, disciplinary sanctions, medical stoppages permitted by competition rules, delays relating to VAR 'checks' and 'reviews', any other cause including stoppages for drinks or other medical reasons.",
    "tags": ["stoppage time", "time allowance", "law 7"]
  },
  {
    "id": 127,
    "text": "The fourth official indicates the minimum additional time the referee has decided to allow at the end of the final minute of each half (including extra time), which may be increased but not reduced. The referee must not signal the end of the half until the additional time has been played.",
    "tags": ["additional time", "fourth official", "minimum time", "law 7"]
  },
  {
    "id": 128,
    "text": "If a penalty kick is being taken or retaken, the half is extended until the penalty kick is completed. The kick is completed when: the ball stops moving, goes out of play, is played by any player other than the goalkeeper after rebounding from the goalpost, crossbar or goalkeeper, or the referee stops play.",
    "tags": ["penalty kick", "extended time", "law 7"]
  },
  {
    "id": 129,
    "text": "Competition rules may allow for two additional equal periods to be played if a match ends in a draw. The conditions of Law 7 (Duration of the match) will apply, including a short water break at the end of each extra time period.",
    "tags": ["extra time", "duration", "law 7"]
  },
  {
    "id": 130,
    "text": "The team that wins the coin toss before kick-off decides which goal to attack in the first half; the other team takes the kick-off. Depending on competition rules, a coin may be tossed again before kicks from the penalty mark.",
    "tags": ["coin toss", "kick-off", "law 8"]
  },
  {
    "id": 131,
    "text": "For the start of the second half, the teams change ends. The team that did not take the kick-off in the first half takes the kick-off to start the second half.",
    "tags": ["second half", "change ends", "kick-off", "law 8"]
  },
  {
    "id": 132,
    "text": "For each extra time period, the teams change ends. A coin is tossed and the team that wins the toss decides which goal to attack in the first period of extra time or whether to take the kick-off. The teams change ends and kick-off at the start of the second period of extra time.",
    "tags": ["extra time", "change ends", "coin toss", "law 8"]
  },
  {
    "id": 133,
    "text": "If the ball becomes defective at a kick-off, goal kick, corner kick, free kick, penalty kick or throw-in, the restart is retaken. If the ball becomes defective during play, including during a dropped ball, play is restarted with a dropped ball.",
    "tags": ["defective ball", "restart", "law 2", "law 8"]
  },
  {
    "id": 134,
    "text": "A goal may not be scored if a person unauthorised to be on the field (e.g., a spectator or substitute about to enter) deliberately handles or kicks the ball immediately before it enters the goal, but the goal is allowed if this did not affect the ability of the defending players to play the ball.",
    "tags": ["goal", "unauthorised person", "interference", "law 10"]
  },
  {
    "id": 135,
    "text": "If, during a promising attack, an outside agent touches the ball, play continues. For all other interferences, play is stopped and restarted with a dropped ball.",
    "tags": ["outside agent", "promising attack", "dropped ball", "law 9"]
  },
  {
    "id": 136,
    "text": "Interfering with play includes playing or touching the ball passed or touched by a team-mate, or preventing an opponent from playing or being able to play the ball by clearly obstructing the opponent's line of vision or challenging for the ball, or clearly attempting to play a ball which is close when this action impacts on an opponent.",
    "tags": ["offside", "interfering with play", "definition", "law 11"]
  },
  {
    "id": 137,
    "text": "Interfering with an opponent includes preventing an opponent from playing or being able to play the ball by clearly obstructing the line of vision, challenging for the ball, or clearly attempting to play a ball close by and this action impacts on an opponent, or making an obvious action which clearly impacts on the ability of an opponent to play the ball.",
    "tags": ["offside", "interfering with opponent", "definition", "law 11"]
  },
  {
    "id": 138,
    "text": "Gaining an advantage by playing the ball or interfering with an opponent when it has rebounded or been deflected off the goalpost, crossbar, match official or an opponent, or has been deliberately saved by any opponent.",
    "tags": ["offside", "gaining advantage", "definition", "law 11"]
  },
  {
    "id": 139,
    "text": "A tackle or challenge for the ball is careless if the player shows a lack of attention or consideration when making it, or acts without precaution. No disciplinary sanction is needed if a foul is judged to be careless.",
    "tags": ["careless", "tackle", "definition", "law 12"]
  },
  {
    "id": 140,
    "text": "A tackle or challenge is reckless if the player acts with disregard to the danger to, or consequences for, an opponent and must be cautioned.",
    "tags": ["reckless", "caution", "definition", "law 12"]
  },
  {
    "id": 141,
    "text": "Using excessive force means a player exceeds the necessary use of force and/or endangers the safety of an opponent and must be sent off.",
    "tags": ["excessive force", "sending off", "definition", "law 12"]
  },
  {
    "id": 142,
    "text": "Playing in a dangerous manner is any action that, while trying to play the ball, threatens injury to someone (including the player themself) and includes preventing a nearby opponent from playing the ball for fear of injury. A scissors or bicycle kick is permissible provided it is not dangerous to an opponent.",
    "tags": ["dangerous play", "bicycle kick", "law 12"]
  },
  {
    "id": 143,
    "text": "Impeding the progress of an opponent means moving into the opponent's path to obstruct, block, slow down or force a change of direction when the ball is not within playing distance of either player. All players have a right to their position on the field; being in the way of an opponent is not the same as moving into the way.",
    "tags": ["impeding", "obstruction", "law 12"]
  },
  {
    "id": 144,
    "text": "Shielding the ball is permitted. A player who places themselves between an opponent and the ball for tactical reasons has not committed an offence as long as the ball is kept within playing distance and the player does not hold off the opponent with arms or body.",
    "tags": ["shielding", "ball in playing distance", "law 12"]
  },
  {
    "id": 145,
    "text": "If a player, while correctly challenging for the ball, accidentally hits the opponent, this is not a foul; however, contact that occurs when challenging for the ball with an opponent may be an offence when a player has no chance of playing the ball.",
    "tags": ["accidental contact", "challenging for ball", "law 12"]
  },
  {
    "id": 146,
    "text": "It is not an offence if the ball touches a player's hand/arm directly from the player's own head/body/foot or the head/body/foot of another player who is close, or if the hand/arm is close to the body and does not make the body unnaturally bigger, or when a player falls and the hand/arm is between the body and the ground to support the body.",
    "tags": ["handball", "not an offence", "exceptions", "law 12"]
  },
  {
    "id": 147,
    "text": "The goalkeeper has the same restrictions on handling the ball as any other player outside their penalty area. Inside their own penalty area, the goalkeeper cannot be guilty of a handball offence or of an offence requiring a direct free kick or any related sanction but can be guilty of several handling offences that incur an indirect free kick.",
    "tags": ["goalkeeper", "handball", "penalty area", "law 12"]
  },
  {
    "id": 148,
    "text": "If an offence involves spitting at or biting an opponent or any other person, or throwing/kicking an object at the ball, an opponent or a match official, or making contact with the ball with a held object, play is restarted with a direct free kick (or penalty kick).",
    "tags": ["spitting", "biting", "thrown object", "direct free kick", "law 12"]
  },
  {
    "id": 149,
    "text": "If, after a goal is scored, the referee realises before play restarts that an extra person was on the field when the goal was scored: the referee must disallow the goal if the extra person was a player, substitute, substituted player, sent-off player or team official of the team that scored; play is restarted with a direct free kick.",
    "tags": ["extra person", "goal disallowed", "direct free kick", "law 12"]
  },
  {
    "id": 150,
    "text": "Delaying the restart of play to show a card includes: the referee having to run after the offender or to attract their attention, kicking or carrying the ball away or provoking a confrontation by touching the ball when an opponent is nearby, excessive celebration, excessively delaying a restart.",
    "tags": ["delaying restart", "caution", "excessive celebration", "law 12"]
  },
  {
    "id": 151,
    "text": "Dissent by word or action is cautioned. If the behaviour is offensive, insulting or abusive, the player is sent off. Waving an imaginary card or adopting an aggressive attitude towards a match official is cautionable.",
    "tags": ["dissent", "caution", "offensive behaviour", "law 12"]
  },
  {
    "id": 152,
    "text": "A player who has been cautioned may still be sent off if they commit a second cautionable offence or a sending-off offence.",
    "tags": ["second caution", "sending off", "law 12"]
  },
  {
    "id": 153,
    "text": "Serious foul play: a tackle or challenge that endangers the safety of an opponent or uses excessive force or brutality must be sanctioned as serious foul play. Any player who lunges at an opponent when challenging for the ball from the front, from the side or from behind using one or both legs, with excessive force or endangers the safety of an opponent, is guilty of serious foul play.",
    "tags": ["serious foul play", "red card", "excessive force", "law 12"]
  },
  {
    "id": 154,
    "text": "Violent conduct is when a player uses or attempts to use excessive force or brutality against an opponent when not challenging for the ball, or against a team-mate, team official, match official, spectator or any other person, regardless of whether contact is made.",
    "tags": ["violent conduct", "red card", "excessive force", "law 12"]
  },
  {
    "id": 155,
    "text": "A player who, when not challenging for the ball, deliberately strikes an opponent or any other person on the head or face with the hand or arm, is guilty of violent conduct unless the force used was negligible.",
    "tags": ["violent conduct", "striking", "head or face", "law 12"]
  },
  {
    "id": 156,
    "text": "Physical confrontation (including spitting or biting) is a sending-off offence. A player who enters the field without permission and commits an offence against a match official or opponent is sent off and cannot be replaced.",
    "tags": ["physical confrontation", "spitting", "biting", "sending off", "law 12"]
  },
  {
    "id": 157,
    "text": "If a substitute or sent-off player etc. enters the field and interferes with play, denies a goal or obvious goal-scoring opportunity, or commits a violent offence, a penalty kick may be awarded. For less serious offences, an indirect free kick is awarded.",
    "tags": ["interference", "substitute", "penalty", "law 12"]
  },
  {
    "id": 158,
    "text": "A player guilty of a sending-off offence must leave the vicinity of the field of play and the technical area. A substitute/substituted player, sent-off player, player temporarily off the field or team official who delays a restart or interferes with an opponent is sanctioned according to the nature of the interference.",
    "tags": ["sending off", "must leave", "interference", "law 12"]
  },
  {
    "id": 159,
    "text": "If play is stopped and a free kick is awarded when the ball is inside the penalty area, the free kick must be taken from inside the penalty area. If play is stopped when the ball is outside the penalty area, the free kick must be taken from outside the penalty area, closest to where the offence occurred.",
    "tags": ["free kick location", "inside/outside penalty area", "law 13"]
  },
  {
    "id": 160,
    "text": "If a player quickly takes a free kick and an opponent who is within 9.15 m intercepts it, the referee allows play to continue. However, if an opponent deliberately prevents a free kick being taken quickly by physically intercepting or standing within 9.15 m, the player must be cautioned for delaying the restart.",
    "tags": ["quick free kick", "opponent distance", "delaying restart", "law 13"]
  },
  {
    "id": 161,
    "text": "Until the ball is in play, all opponents must remain at least 9.15 m from the ball, unless they are on their own goal line between the goalposts. If the free kick is in the defending team's goal area, opponents must be outside the penalty area.",
    "tags": ["free kick", "opponent distance", "goal area", "law 13"]
  },
  {
    "id": 162,
    "text": "If, when a free kick is taken, an attacking team player is standing within 1 m of a 'wall' formed by three or more defending team players, an indirect free kick is awarded to the defending team.",
    "tags": ["free kick", "wall", "attacking player", "law 13"]
  },
  {
    "id": 163,
    "text": "For a defensive free kick inside the penalty area, the ball is in play when it is kicked and clearly moves; it does not need to leave the penalty area. Opponents must be outside the penalty area until the ball is in play.",
    "tags": ["defensive free kick", "penalty area", "ball in play", "law 13"]
  },
  {
    "id": 164,
    "text": "A penalty kick is awarded for an offence committed by a defending team player inside their penalty area. The position of the offence, not the ball, determines whether a penalty kick is awarded.",
    "tags": ["penalty kick", "position of offence", "law 14"]
  },
  {
    "id": 165,
    "text": "If a penalty kick has to be retaken, the same player must take it unless they have become unable to continue. If a penalty kick is awarded during the first or second half and time expires before the kick is taken or retaken, time is extended to allow the penalty kick to be completed.",
    "tags": ["penalty retake", "extended time", "same kicker", "law 14"]
  },
  {
    "id": 166,
    "text": "Once the referee has signalled for a penalty kick to be taken, the kick must be taken. If a player does not take it within a reasonable time, they are cautioned for delaying the restart, and if the kick has not been taken, the opponents are awarded an indirect free kick.",
    "tags": ["penalty kick", "delay", "caution", "law 14"]
  },
  {
    "id": 167,
    "text": "The ball must be kicked forward. Any feinting in the run-up to take a penalty kick to confuse opponents is permitted. However, feinting to kick the ball once the player has completed the run-up is not permitted. If a player feints at the end of the run-up, they are cautioned.",
    "tags": ["penalty kick", "feinting", "permitted/not permitted", "law 14"]
  },
  {
    "id": 168,
    "text": "If both the goalkeeper and kicker commit an offence at the same time: if the kick is missed/saved, the kick is retaken and both players are cautioned; if the kick is successful, the goal is disallowed, the kicker is cautioned and play restarts with an indirect free kick to the defending team.",
    "tags": ["penalty kick", "simultaneous offences", "law 14"]
  },
  {
    "id": 169,
    "text": "If a penalty kick is taken during normal playing time or extended time in the first or second half and the ball rebounds from the goalpost, crossbar or goalkeeper, only the kicker may not play the ball again until it has touched another player.",
    "tags": ["penalty kick", "rebound", "kicker restriction", "law 14"]
  },
{
    "id": 170,
    "text": "A throw-in is awarded to the opponents of the player who last touched the ball when the whole of the ball passes over the touchline, on the ground or in the air.",
    "tags": ["throw-in", "touchline", "law 15"]
  },
  {
    "id": 171,
    "text": "At the moment of delivering the ball, the thrower must: face the field of play, have part of each foot on the touchline or on the ground outside the touchline, throw the ball with both hands from behind and over the head from the point where it left the field of play.",
    "tags": ["throw-in", "procedure", "technique", "law 15"]
  },
  {
    "id": 172,
    "text": "All opponents must stand at least 2 m from the point on the touchline where the throw-in is to be taken.",
    "tags": ["throw-in", "opponent distance", "2 metres", "law 15"]
  },
  {
    "id": 173,
    "text": "The ball is in play when it enters the field of play. If the ball touches the ground before entering, the throw-in is retaken by the same team from the same position. If the throw-in is not taken correctly, it is retaken by the opposing team.",
    "tags": ["throw-in", "ball in play", "incorrect procedure", "law 15"]
  },
  {
    "id": 174,
    "text": "The thrower must not touch the ball again until it has touched another player. If the thrower plays the ball again before it has touched another player: an indirect free kick is awarded; if the thrower deliberately handles the ball: a direct free kick is awarded; a penalty kick is awarded if the offence occurred inside the thrower's penalty area unless the thrower was the goalkeeper.",
    "tags": ["throw-in", "double touch", "handball", "law 15"]
  },
  {
    "id": 175,
    "text": "A goal cannot be scored directly from a throw-in: if the ball enters the opponents' goal – a goal kick is awarded; if the ball enters the thrower's goal – a corner kick is awarded.",
    "tags": ["throw-in", "no direct goal", "restart", "law 15"]
  },
  {
    "id": 176,
    "text": "If an opponent unfairly distracts or impedes the thrower (including moving closer than 2 m to the place where the throw-in is to be taken), they are cautioned for unsporting behaviour, and if the throw-in has been taken, an indirect free kick is awarded.",
    "tags": ["throw-in", "opponent interference", "caution", "law 15"]
  },
  {
    "id": 177,
    "text": "For any other throw-in offence: the throw-in is taken by the opposing team. If the thrower takes the throw-in incorrectly, the opposing team is awarded the throw-in.",
    "tags": ["throw-in", "offences", "opposing team", "law 15"]
  },
  {
    "id": 178,
    "text": "A goal kick is awarded when the whole of the ball passes over the goal line, on the ground or in the air, having last touched a player of the attacking team, and a goal is not scored.",
    "tags": ["goal kick", "goal line", "attacking team", "law 16"]
  },
  {
    "id": 179,
    "text": "The ball must be stationary and is kicked from any point within the goal area by a player of the defending team.",
    "tags": ["goal kick", "procedure", "goal area", "law 16"]
  },
  {
    "id": 180,
    "text": "The ball is in play when it is kicked and clearly moves. Opponents must stay outside the penalty area until the ball is in play.",
    "tags": ["goal kick", "ball in play", "opponent position", "law 16"]
  },
  {
    "id": 181,
    "text": "If the ball is not kicked directly out of the penalty area from a goal kick: the kick is retaken.",
    "tags": ["goal kick", "ball must leave penalty area", "retake", "law 16"]
  },
  {
    "id": 182,
    "text": "If, when a goal kick is taken, any opponents are inside the penalty area because they did not have time to leave, the referee allows play to continue. If an opponent who is in the penalty area when the goal kick is taken, or enters the penalty area before the ball is in play, touches or challenges for the ball before it is in play, the goal kick is retaken.",
    "tags": ["goal kick", "opponent in penalty area", "retake", "law 16"]
  },
  {
    "id": 183,
    "text": "If a player entering the penalty area before the ball is in play is fouled by a defender, the goal kick is retaken and the defender is cautioned; for any other offence by the defending team, the goal kick is retaken.",
    "tags": ["goal kick", "foul in penalty area", "caution", "law 16"]
  },
  {
    "id": 184,
    "text": "The kicker must not play the ball again until it has touched another player. If, after the ball is in play, the kicker touches the ball again before it has touched another player: an indirect free kick is awarded; if the kicker commits a handball offence: a direct free kick is awarded; a penalty kick is awarded if the offence occurred inside the kicker's penalty area unless the kicker was the goalkeeper in which case an indirect free kick is awarded.",
    "tags": ["goal kick", "double touch", "handball", "law 16"]
  },
  {
    "id": 185,
    "text": "A goal may be scored directly from a goal kick, but only against the opposing team; if the ball directly enters the kicker's goal, a corner kick is awarded to the opponents.",
    "tags": ["goal kick", "direct goal", "own goal", "corner kick", "law 16"]
  },
  {
    "id": 186,
    "text": "For any other offence the kick is retaken.",
    "tags": ["goal kick", "other offences", "retake", "law 16"]
  },
  {
    "id": 187,
    "text": "A corner kick is awarded when the whole of the ball passes over the goal line, on the ground or in the air, having last touched a player of the defending team, and a goal is not scored.",
    "tags": ["corner kick", "goal line", "defending team", "law 17"]
  },
  {
    "id": 188,
    "text": "A corner kick is also awarded when a goalkeeper controls the ball with their hands/arms for more than eight seconds inside their penalty area before releasing it.",
    "tags": ["corner kick", "goalkeeper eight seconds", "time-wasting", "law 17", "2025/26 update"]
  },
  {
    "id": 189,
    "text": "The ball must be placed inside the corner arc at the nearest corner flagpost. The corner flagpost must not be moved. Opponents must remain at least 9.15 m from the corner arc until the ball is in play.",
    "tags": ["corner kick", "corner arc", "flagpost", "opponent distance", "law 17"]
  },
  {
    "id": 190,
    "text": "The ball must be stationary and is kicked by a player of the attacking team. The ball is in play when it is kicked and clearly moves; it does not need to leave the corner arc.",
    "tags": ["corner kick", "ball in play", "procedure", "law 17"]
  },
  {
    "id": 191,
    "text": "If the corner kick is not taken within one minute of being awarded, an indirect free kick is awarded to the defending team from the corner arc.",
    "tags": ["corner kick", "time limit", "one minute", "indirect free kick", "law 17"]
  },
  {
    "id": 192,
    "text": "The kicker must not play the ball again until it has touched another player. If a player taking a corner kick touches the ball again before it has touched another player: an indirect free kick is awarded; if the kicker deliberately handles the ball: a direct free kick is awarded; a penalty kick is awarded if the offence occurred inside the kicker's penalty area unless the kicker was the goalkeeper.",
    "tags": ["corner kick", "double touch", "handball", "law 17"]
  },
  {
    "id": 193,
    "text": "A goal may be scored directly from a corner kick, but only against the opposing team; if the ball directly enters the kicker's goal, a corner kick is awarded to the opponents.",
    "tags": ["corner kick", "direct goal", "own goal", "law 17"]
  },
  {
    "id": 194,
    "text": "For any offence by the defending team, including entering the penalty area before the ball is in play, the kick is retaken unless the kick has been taken and a goal is scored, play continues – but if the ball goes out of play, the kick is retaken.",
    "tags": ["corner kick", "defending team offence", "retake", "law 17"]
  },
  {
    "id": 195,
    "text": "If an opponent, including the goalkeeper, unfairly distracts or impedes the kicker (including moving closer than 9.15 m from the ball when the kick is being taken) they are cautioned for unsporting behaviour, and the kick is retaken if already taken.",
    "tags": ["corner kick", "opponent interference", "caution", "law 17"]
  },
  {
    "id": 196,
    "text": "For any other offence by the attacking team, the kick is retaken.",
    "tags": ["corner kick", "attacking team offence", "retake", "law 17"]
  },
  {
    "id": 197,
    "text": "A throw-in awarded within 1 m of the corner arc may be taken from within 1 m of the corner arc.",
    "tags": ["throw-in", "corner arc", "tolerance", "law 15"]
  },
  {
    "id": 198,
    "text": "The thrower may face any direction when making a throw-in as long as they face the field of play at the moment of delivering the ball.",
    "tags": ["throw-in", "facing direction", "technique", "law 15"]
  },
  {
    "id": 199,
    "text": "Part of each foot must be on the touchline or on the ground outside the touchline at the moment of delivering the ball. It is not an offence if part of the thrower's foot is on the field of play.",
    "tags": ["throw-in", "foot position", "touchline", "law 15"]
  },
  {
    "id": 200,
    "text": "The ball must be thrown from behind and over the head. This is a continuous movement starting from behind the head and releasing over the head. The throw must not be taken to the side of the head or from only over the head.",
    "tags": ["throw-in", "throwing technique", "over head", "law 15"]
  },
  {
    "id": 201,
    "text": "If a defender starts holding an attacker outside the penalty area and continues holding inside the penalty area, the referee awards a penalty kick.",
    "tags": ["holding", "penalty area", "penalty kick", "law 16", "interpretation"]
  },
  {
    "id": 202,
    "text": "The goalkeeper may take a goal kick even if they are outside the penalty area. However, the ball must be kicked from within the goal area.",
    "tags": ["goal kick", "goalkeeper position", "procedure", "law 16"]
  },
  {
    "id": 203,
    "text": "A player may be standing in an offside position when their team takes a goal kick. They are not penalised because it is not possible to be offside from a goal kick.",
    "tags": ["goal kick", "offside", "not possible", "law 16"]
  },
  {
    "id": 204,
    "text": "The ball does not need to leave the penalty area at a goal kick for other players to touch it. Once the ball is kicked and clearly moves, it is in play and any player may touch it.",
    "tags": ["goal kick", "ball in play", "penalty area", "law 16"]
  },
  {
    "id": 205,
    "text": "If an opponent enters the penalty area early and prevents or attempts to prevent a goal kick being taken, they must be cautioned for unsporting behaviour – delaying the restart of play.",
    "tags": ["goal kick", "opponent enters early", "caution", "law 16"]
  },
  {
    "id": 206,
    "text": "At a corner kick, the ball only needs to be placed within the corner arc. It does not need to be placed in any specific part of the arc.",
    "tags": ["corner kick", "ball placement", "corner arc", "law 17"]
  },
  {
    "id": 207,
    "text": "If the ball is blown out of the corner arc by the wind before it is kicked, it must be replaced. If the ball moves after it has been kicked, play continues as normal.",
    "tags": ["corner kick", "wind", "ball movement", "law 17"]
  },
  {
    "id": 208,
    "text": "A corner kick that curves directly from the corner into the goal without touching another player is a valid goal (often called an 'Olympic goal' or 'gol olímpico').",
    "tags": ["corner kick", "direct goal", "olympic goal", "law 17"]
  },
  {
    "id": 209,
    "text": "If a player delays taking a corner kick to receive treatment and then quickly takes the kick before the referee indicates play can restart, the kick must be retaken.",
    "tags": ["corner kick", "injury treatment", "restart delay", "law 17"]
  },
  {
    "id": 210,
    "text": "An attacker may stand in the goal during a corner kick, but if they interfere with the goalkeeper's ability to play the ball or move freely, an indirect free kick is awarded for impeding.",
    "tags": ["corner kick", "attacker in goal", "impeding", "law 17"]
  }
]